458a8f560e,Random very,female,ECE,jaithri2103@gmail.com,4447778899,90,2005-12-15,abcdef,def,res,600034,458a8f560e.jpeg
59401eaafd,ABC,female,EEE,abc@gmail.com,3334445555,80,2005-12-10,abcdef,def,res,600034,59401eaafd.png
f8f4411fea,EFG,male,EEE,efg@gmail.com,2223334444,100,2005-12-10,abcdef,def,res,600034,f8f4411fea.png
39b12e61ad,HIJ,female,ECE,hij@gmail.com,1112223333,90,2005-12-09,abcdef,def,res,600034,39b12e61ad.png
fc14881984,Random,female,ECE,akshay@gmail.com,1234567893,80,2005-12-03,abcdef,def,res,6000,fc14881984.png
56293cd084,Marvel,male,ECE,marvel@gmail.com,5556668989,90,2005-12-09,abcdef,Somewhere,res,600034,56293cd084.jpeg
bb16fbc5ed,XYZ,female,ME,xyz@gmail.com,3338889999,90,2005-12-09,abcdef,Ernakulam,res,600067,bb16fbc5ed.png
4b5fc7a298,ABC,female,ECE,abcdef@gmail.com,9990007878,90,2005-12-09,abcdef,Chennai,res,600090,4b5fc7a298.png
7a8c8ebd0f,VisAI,female,ECE,visailabs@gmail.com,1234554321,50,2003-06-30,abcdef,Chennai,res,600090,7a8c8ebd0f.png
09110b8cc,Random,female,ECE,who@gmail.com,3334445500,90,2005-12-02,abchef,Somewhere,res,600099,609110b8cc.png
03d5f8f906,Hello,female,CSE,hello@gmail.com,1234567897,90,2005-12-08,abcdef,Chennai,res,600067,03d5f8f906.png
2171ef3932,ABCDE,female,ECE,jait@gmail.com,1234587893,90,2005-12-15,abchef,Chennai,res,600090,2171ef3932.jpeg
69d49513b4,ASDF,female,IT,asdf@gmail.com,1234523451,56,2005-12-09,random,City,Tamilnadu,600034,69d49513b4.png
6cab1fd8d8,Name,female,ECE,depth@gmail.com,2345678901,80,2005-12-09,abcdef,Chennai,Tamilnadu,600090,6cab1fd8d8.png
92ac534d18,Random,female,ECE,yupp@gmail.com,4447778822,90,2005-12-22,abcdef,Chennai,Tamilnadu,600099,92ac534d18.jpeg
2a304f8431,Randomnesss jaithrii,female,ECE,abcd@gmail.com,1234567777,90,2005-12-22,abcdef,Chennai,Tamilnadu,600090,2a304f8431.jpeg
